"time","S","E","I","R","Epoch"
2020-09-16,177555908.51795,2399309,7522336,6161470,10
2020-09-17,175548866.604178,3763592.3295816,7783568.70146722,6542995.88272342,10
2020-09-18,173475185.524816,4933650.39500737,8286347.77891009,6943839.81921654,10
2020-09-19,171284245.55902,5991311.83043085,8988520.95858705,7374945.16991186,10
2020-09-20,168938148.786836,6991679.96379538,9863626.75376657,7845568.01355183,10
2020-09-21,166408268.960308,7971205.16643194,10895630.3783714,8363919.01283827,10
2020-09-22,163673182.11765,8953037.06839837,12075216.0211019,8937588.31080011,10
2020-09-23,160717548.595857,9950509.51341451,13397153.6419696,9573811.76670934,10
2020-09-24,157531615.658349,10969418.3970963,14858365.0910953,10279624.3714092,10
2020-09-25,154111111.992029,12009523.6488412,16456458.1711968,11061929.7058826,10
2020-09-26,150457360.836395,13065573.9212469,18188584.4134285,11927504.3468793,10
2020-09-27,146577466.228232,14128078.5302883,20050526.5045273,12882952.2549023,10
2020-09-28,142484452.033355,15183972.6799065,22035982.3034121,13934616.5012763,10
2020-09-29,138197238.631309,16217314.3388326,24136009.3443838,15088461.2034245,10
2020-09-30,133740381.938024,17210061.0757567,26338651.383723,16349929.1204464,10
2020-10-01,129143511.109678,18142977.4219901,28628749.4593405,17723785.5269409,10
2020-10-02,124440434.852509,18996667.110057,30987963.891077,19213957.6643069,10
2020-10-03,119667955.277488,19752682.4114222,33395005.2009746,20823380.6280655,10
2020-10-04,114864421.773122,20394654.6633204,35826086.782509,22553860.298999,10
2020-10-05,110068141.801781,20909341.7377968,38255576.0420261,24405963.9363459,10
2020-10-06,105315769.830854,21287495.2854883,40656809.8916643,26378948.5099437,10
2020-10-07,100640804.940537,21524475.6618972,43003013.1917424,28470729.7237728,10
2020-10-08,96072335.6131661,21620507.0121181,45268278.2381418,30677902.654524,10
2020-10-09,91634120.6345676,21580596.9498173,47428497.9010862,32995808.0324788,10
2020-10-10,87344069.9903538,21414103.90646,49462205.2067021,35418644.4144341,10
2020-10-11,83214139.1360718,21134010.7008234,51351256.258841,37939617.4222138,10
2020-10-12,79250598.4965471,20755998.5237605,53081307.4598822,40551119.0377602,10
2020-10-13,75454616.2253587,20297411.2768543,54642071.0602059,43244924.9555311,10
2020-10-14,71823063.890883,19776213.6079116,56027347.0432087,46012398.9759467,10
2020-10-15,68349450.4604655,19210030.3932691,57234848.7475035,48844693.9167119,10
2020-10-16,65024896.0664291,18615330.6455894,58265857.5824161,51732939.2235154,10
2020-10-17,61839070.5359941,18006797.1444147,59124747.913711,54668407.9238301,10
2020-10-18,58781041.196647,17396896.7997255,59818427.95806,57642657.5635174,10
2020-10-19,55839993.8975057,16795646.1429286,60355741.4893192,60647641.9881964,10
2020-10-20,53005808.7431869,16210552.3328332,60746869.3466379,63675793.095292,10
2020-10-21,50269485.7174506,15646700.510929,61002763.9606613,66720073.3289091,10
2020-10-22,47623427.7094817,15106953.7903211,61134640.7069109,69774001.3112363,10
2020-10-23,45061591.7660094,14592234.0454999,61153543.9440564,72831653.7623843,10
2020-10-24,42579528.2889752,14101851.700204,61069995.6800538,75887647.848717,10
2020-10-25,40174325.9998164,13633858.3159214,60893731.122289,78937108.0799232,10
2020-10-26,37844482.3765568,13185400.2512003,60633518.7542796,81975622.1359132,10
2020-10-27,35589719.1029844,12753055.4328063,60297059.2882413,84999189.693918,10
2020-10-28,33410760.2180874,12333140.5389825,59890954.7704678,88004167.9904123,10
2020-10-29,31309089.336219,11921979.4119163,59420737.3800758,90987217.3897388,10
2020-10-30,29286700.1479339,11516127.0620105,58890946.6655344,93945249.6424712,10
2020-09-16,177555908.51795,2399309,7522336,6161470,9
2020-09-17,175548867.306627,3763591.69480353,7783568.63492695,6542995.88159274,9
2020-09-18,173475186.974635,4933649.2029588,8286347.52972122,6943839.81063504,9
2020-09-19,171284247.841819,5991310.10753068,8988520.42640457,7374945.14219559,9
2020-09-20,168938152.020233,6991677.70270841,9863625.84481638,7845567.95019264,9
2020-09-21,166408273.287998,7971202.3377283,10895628.9995469,8363918.89267666,9
2020-09-22,163673187.705007,8953033.62863629,12075214.0763479,8937588.10795875,9
2020-09-23,160717555.626142,9950505.4111848,13397151.0302348,9573811.45038887,9
2020-09-24,157531624.328921,10969413.5779368,14858361.7054795,10279623.9056126,9
2020-09-25,154111122.510123,12009518.0596371,16456453.8990674,11061929.0491229,9
2020-09-26,150457373.414178,13065567.5144491,18188579.13741,11927503.4519128,9
2020-09-27,146577481.076937,14128071.2681901,20050520.1042893,12882951.068534,9
2020-09-28,142484469.356432,15183964.5390036,22035974.6582416,13934614.9642726,9
2020-09-29,138197258.616641,16217305.3142101,24136000.3365239,15088459.2505751,9
2020-09-30,133740404.749371,17210051.1853407,26338640.9024288,16349926.6808095,9
2020-10-01,129143536.877648,18142966.7104413,28628737.405552,17723782.5243092,9
2020-10-02,124440463.665464,18996655.6519705,30987950.1825968,19213954.0179186,9
2020-10-03,119667987.172928,19752670.3134988,33394989.7779389,20823376.2535846,9
2020-10-04,114864456.730119,20394642.0651696,35826069.6128919,22553855.1097697,9
2020-10-05,110068179.735122,20909328.8110374,38255557.1268737,24405957.8449169,9
2020-10-06,105315810.587496,21287482.2309131,40656789.2697002,26378941.4298406,9
2020-10-07,100640848.298931,21524462.7045827,43002990.9429588,28470721.5714771,9
2020-10-08,96072381.2858381,21620494.3945095,45268254.4860047,30677893.3515977,9
2020-10-09,91634168.2740225,21580584.9230516,47428472.8131155,32995797.5077604,9
2020-10-10,87344119.1984347,21414092.7202762,49462178.993026,35418632.6062131,9
2020-10-11,83214189.4761746,21134000.5927394,51351229.1687514,37939604.2802846,9
2020-10-12,79250649.5081499,20755989.7082023,53081279.7763473,40551104.5252505,9
2020-10-13,75454667.4399129,20297403.9351122,54642043.0925161,43244909.0504088,9
2020-10-14,71823114.8480241,19776207.8797087,56027319.118097,46012381.6721202,9
2020-10-15,68349500.7234387,19210026.370624,57234821.1992303,48844675.224657,9
2020-10-16,65024945.2356916,18615328.3694975,58265830.7423684,51732919.1703925,9
2020-10-17,61839118.2601675,18006796.604551,59124722.1001491,54668386.5530824,9
2020-10-18,58781087.1802624,17396897.9371049,59818403.4666105,57642634.9339722,9
2020-10-19,55840037.9052942,16795648.8551861,60355718.5847483,60647618.1727213,9
2020-10-20,53005850.6010673,16210556.4815268,60746848.2562738,63675768.1790821,9
2020-10-21,50269525.3104205,15646705.9301994,61002744.8698403,66720047.4074898,9
2020-10-22,47623464.9771709,15106960.2960974,61134623.7563883,69773974.4882934,9
2020-10-23,45061626.6964278,14592241.4445709,61153529.2294412,72831626.1475101,9
2020-10-24,42579560.9111935,14101859.7985552,61069983.2530242,75887619.5551771,9
2020-10-25,40174356.3762206,13633866.9258785,60893720.9933282,78937079.2225227,9
2020-10-26,37844510.5952153,13185409.1971304,60633510.8965734,81975592.8290309,9
2020-10-27,35589745.2705283,12753064.5552852,60297053.6423806,84999160.0497559,9
2020-10-28,33410784.4533872,12333149.6974585,59890951.2496099,88004138.1174943,9
2020-10-29,31309111.7649998,11921988.4860269,59420735.8752516,90987187.3916716,9
2020-10-30,29286720.8983737,11516135.9517651,58890947.0508425,93945219.6169687,9
2020-09-16,177555908.51795,2399309,7522336,6161470,8
2020-09-17,175548867.367347,3763591.63991736,7783568.62919023,6542995.88149541,8
2020-09-18,173475187.100942,4933649.09900049,8286347.50811418,6943839.80989311,8
2020-09-19,171284248.042176,5991309.95599117,8988520.37999395,7374945.13978918,8
2020-09-20,168938152.306093,6991677.50210258,9863625.76508619,7845567.94466803,8
2020-09-21,166408273.673437,7971202.08448918,10895628.8778707,8363918.88215357,8
2020-09-22,163673188.206482,8953033.31771291,12075213.9036395,8937588.0901152,8
2020-09-23,160717556.262333,9950505.03646811,13397150.7967166,9573811.42243207,8
2020-09-24,157531625.120588,10969413.132585,14858361.4005365,10279623.8642403,8
2020-09-25,154111123.479953,12009517.536349,16456453.511168,11061928.9904796,8
2020-09-26,150457374.586606,13065566.9057169,18188578.6540846,11927503.3715428,8
2020-09-27,146577482.477902,14128070.5665537,20050519.5121588,12882950.9613352,8
2020-09-28,142484471.013086,15183963.7373123,22035973.9430994,13934614.8244528,8
2020-09-29,138197260.556964,16217304.4059059,24135999.483466,15088459.0716137,8
2020-09-30,133740407.001729,17210050.1647561,26338639.896038,16349926.4554268,8
2020-10-01,129143539.470253,18142965.5731145,28628736.2301354,17723782.244447,8
2020-10-02,124440466.625765,18996654.394977,30987948.8224756,19213953.6747329,8
2020-10-03,119667990.526908,19752668.9357939,33394988.2177937,20823375.8374548,8
2020-10-04,114864460.501524,20394640.5679385,35826067.8381607,22553854.6103267,8
2020-10-05,110068183.944608,20909327.1980496,38255555.1242014,24405957.2510914,8
2020-10-06,105315815.251709,21287480.508867,40656787.0274378,26378940.7299361,8
2020-10-07,100640853.429547,21524460.8834293,43002988.4517056,28470720.7532685,8
2020-10-08,96072386.8885781,21620492.4877289,45268251.7391851,30677892.402458,8
2020-10-09,91634174.3477082,21580582.9478488,47428469.8075762,32995796.414817,8
2020-10-10,87344125.7341282,21414090.697656,49462175.7296323,35418631.3565337,8
2020-10-11,83214196.4564897,21133998.5474154,51351225.6529526,37939602.8610924,8
2020-10-12,79250656.9068094,20755987.6682964,53081276.0186778,40551102.9241665,8
2020-10-13,75454675.2216425,20297401.9316089,54642039.1089825,43244907.2557162,8
2020-10-14,71823122.9688335,19776205.9456583,56027314.9304136,46012379.6730447,8
2020-10-15,68349509.1313352,19210024.5401053,57234816.8348558,48844673.0116538,8
2020-10-16,65024953.8718324,18615326.6763766,58265826.2343113,51732916.7354299,8
2020-10-17,61839127.0604092,18006795.0811163,59124717.4865157,54668383.889909,8
2020-10-18,58781096.0770297,17396896.6126708,59818398.7898945,57642632.0383551,8
2020-10-19,55840046.8296545,16795647.7547735,60355713.8908796,60647615.0426425,8
2020-10-20,53005859.4848751,16210555.6247295,60746843.5934631,63675764.8148824,8
2020-10-21,50269534.0883902,15646705.3303303,61002740.2872789,66720043.8119507,8
2020-10-22,47623473.5887434,15106959.9596821,61134619.3028728,69773970.6666518,8
2020-10-23,45061635.0873202,14592241.371224,61153524.9520018,72831622.1074042,8
2020-10-24,42579569.0345566,14101859.9812342,61069979.195634,75887615.3065252,8
2020-10-25,40174364.1933678,13633867.3514787,60893717.1957622,78937074.7773414,8
2020-10-26,37844518.0759205,13185409.8473562,60633507.3934731,81975588.2012004,8
2020-10-27,35589752.3929363,12753065.4077093,60297050.4625592,84999155.2547454,8
2020-10-28,33410791.2035869,12333150.726685,59890948.41562,88004133.1720582,8
2020-10-29,31309118.1363407,11921989.6648675,59420733.4032105,90987182.3135314,8
2020-10-30,29286726.8906075,11516137.2523514,58890944.9504997,93945214.4244915,8
2020-09-16,177555908.51795,2399309,7522336,6161470,7
2020-09-17,175548867.368074,3763591.63926049,7783568.62912156,6542995.88149424,7
2020-09-18,173475187.102453,4933649.09775742,8286347.50785567,6943839.80988423,7
2020-09-19,171284248.04457,5991309.95418071,8988520.379439,7374945.13976039,7
2020-09-20,168938152.309507,6991677.49970747,9863625.76413335,7845567.94460197,7
2020-09-21,166408273.678039,7971202.08146646,10895628.8764172,8363918.88202778,7
2020-09-22,163673188.21247,8953033.31400088,12075213.9015769,8937588.08990199,7
2020-09-23,160717556.269933,9950505.0319911,13397150.7939278,9573811.42209807,7
2020-09-24,157531625.130053,10969413.127257,14858361.3968936,10279623.8637461,7
2020-09-25,154111123.491563,12009517.5300767,16456453.5065313,11061928.989779,7
2020-09-26,150457374.600663,13065566.8984026,18188578.6483018,11927503.3705824,7
2020-09-27,146577482.494733,14128070.5580983,20050519.505065,12882950.9600536,7
2020-09-28,142484471.033033,15183963.7276188,22035973.9345181,13934614.82278,7
2020-09-29,138197260.580386,16217304.3948833,24135999.47321,15088459.0694708,7
2020-09-30,133740407.028989,17210050.1523236,26338639.883912,16349926.4527252,7
2020-10-01,129143539.501717,18142965.5592067,28628736.2159385,17723782.2410881,7
2020-10-02,124440466.661787,18996654.3795494,30987948.8060058,19213953.6706082,7
2020-10-03,119667990.567823,19752668.9188285,33394988.1988524,20823375.8324457,7
2020-10-04,114864460.547637,20394640.5494498,35826067.8165585,22553854.6043047,7
2020-10-05,110068183.996177,20909327.1780895,38255555.0997647,24405957.2439191,7
2020-10-06,105315815.308935,21287480.4875303,40656787.0000164,26378940.721468,7
2020-10-07,100640853.49256,21524460.8608573,43002988.4211804,28470720.7433521,7
2020-10-08,96072386.9574262,21620492.4641114,45268251.7054764,30677892.390936,7
2020-10-09,91634174.422345,21580582.9234244,47428469.7706514,32995796.4015292,7
2020-10-10,87344125.8144068,21414090.6727102,49462175.6895134,35418631.3413196,7
2020-10-11,83214196.5421574,21133998.5222757,51351225.6097228,37939602.8437941,7
2020-10-12,79250656.9975069,20755987.6433251,53081275.9724861,40551102.9046319,7
2020-10-13,75454675.3169078,20297401.9071933,54642039.0600465,43244907.2338024,7
2020-10-14,71823123.0681098,19776205.9221989,56027314.8790201,46012379.6486212,7
2020-10-15,68349509.2339829,19210024.5180017,57234816.7813589,48844672.9846065,7
2020-10-16,65024953.9771455,18615326.6560138,58265826.1791271,51732916.7056637,7
2020-10-17,61839127.1676343,18006795.0628495,59124717.4301151,54668383.8573511,7
2020-10-18,58781096.1853871,17396896.5968123,59818398.7327932,57642632.0029574,7
2020-10-19,55840046.9383602,16795647.7415804,60355713.8336257,60647615.0043836,7
2020-10-20,53005859.5931625,16210555.6143951,60746843.5366236,63675764.7737688,7
2020-10-21,50269534.1955298,15646705.3229777,61002740.2314251,66720043.7680174,7
2020-10-22,47623473.6940602,15106959.9553619,61134619.2485657,69773970.6199622,7
2020-10-23,45061635.1902079,14592241.3699151,61153524.8997779,72831622.0580492,7
2020-10-24,42579569.1344877,14101859.9828482,61069979.1459925,75887615.2546216,7
2020-10-25,40174364.2898996,13633867.3558671,60893717.1491536,78937074.7230297,7
2020-10-26,37844518.1686978,13185409.8543192,60633507.3502906,81975588.1446424,7
2020-10-27,35589752.4816902,12753065.4170066,60297050.4231323,84999155.196121,7
2020-10-28,33410791.2881309,12333150.738047,59890948.3802101,88004133.111562,7
2020-10-29,31309118.2165646,11921989.6780062,59420733.37201,90987182.2513692,7
2020-10-30,29286726.9664695,11516137.2669709,58890944.9236323,93945214.3608773,7
2020-09-16,177555908.51795,2399309,7522336,6161470,6
2020-09-17,175548866.036438,3763592.84299893,7783568.7548859,6542995.88362753,6
2020-09-18,173475184.330382,4933651.37956242,8286347.9818509,6943839.82615469,6
2020-09-19,171284243.644259,5991313.2830371,8988521.39809877,7374945.19255535,6
2020-09-20,168938146.024252,6991681.91255613,9863627.51528049,7845568.0658612,6
2020-09-21,166408265.187239,7971207.66597098,10895631.5516125,8363919.11312729,6
2020-09-22,163673177.133047,8953040.1978531,12075217.7049697,8937588.48207971,6
2020-09-23,160717542.155446,9950513.37624102,13397155.9490044,9573812.03725824,6
2020-09-24,157531607.468272,10969423.1222882,14858368.1518247,10279624.7755652,6
2020-09-25,154111101.701103,12009529.3931501,16456462.1386441,11061930.2850524,6
2020-09-26,150457348.027088,13065580.8721704,18188589.4679091,11927505.1507827,6
2020-09-27,146577450.406531,14128086.9094672,20050532.858887,12882953.3430644,6
2020-09-28,142484432.617728,15183982.7467407,22035990.2086854,13934617.9447964,6
2020-09-29,138197214.941132,16217326.3938487,24136019.0959351,15088463.0870346,6
2020-09-30,133740353.181889,17210075.4634733,26338663.3276999,16349931.5448879,6
2020-10-01,129143476.374161,18142994.5328289,28628763.9992886,17723788.6116711,6
2020-10-02,124440393.092132,18996687.3807826,30987981.4945044,19213961.5505311,6
2020-10-03,119667905.306686,19752706.3236853,33395026.405483,20823385.4820956,6
2020-10-04,114864362.261146,20394682.7398154,35826112.2010968,22553866.3158924,6
2020-10-05,110068071.271537,20909374.5355577,38255606.3670781,24405971.3437775,6
2020-10-06,105315686.662663,21287533.3859745,40656845.8970707,26378957.5722421,6
2020-10-07,100640707.381792,21524519.657609,43003055.7325511,28470740.7459981,6
2020-10-08,96072221.7946618,21620557.4896687,45268328.2471713,30677915.9864483,6
2020-10-09,91633988.5942618,21580654.4694404,47428556.3819182,32995824.0723297,6
2020-10-10,87343917.7048325,21414168.9784312,49462273.222524,35418663.6121623,6
2020-10-11,83213964.5596835,21134083.759342,51351334.9168207,37939640.2821038,6
2020-10-12,79250399.6079617,20756079.8990114,53081397.8908366,40551146.1201404,6
2020-10-13,75454391.0805666,20297501.166518,54642174.3935169,43244956.8773486,6
2020-10-14,71822810.6813155,19776312.0494096,56027464.3772495,46012436.4099754,6
2020-10-15,68349167.5744384,19210137.238218,57234981.1161158,48844737.5891778,6
2020-10-16,65024582.1516607,18615445.538114,58266005.9182112,51732989.9099642,6
2020-10-17,61838724.5606548,18006919.5048862,59124913.0093062,54668466.4431029,6
2020-10-18,58780662.5061818,17397025.8154013,59818610.4266037,57642724.7697632,6
2020-10-19,55839582.2644013,16795780.7667599,60355941.7258625,60647718.7609263,6
2020-10-20,53005364.407023,16210691.2913321,60747087.4920359,63675880.327559,6
2020-10-21,50269009.4127077,15646842.3216108,61002999.8698502,66720171.9137814,6
2020-10-22,47622920.6792783,15107096.7886617,61134893.9231787,69774112.1268313,6
2020-10-23,45061055.7603209,14592376.420858,61153813.6809734,72831777.6557977,6
2020-10-24,42578965.5467449,14101991.5395789,61070280.8123569,75887785.6192694,6
2020-10-25,40173739.215127,13633993.6539026,60894030.1867239,78937260.4621966,6
2020-10-26,37843874.6498305,13185529.124072,60633829.9609565,81975789.7830909,6
2020-10-27,35589093.8789174,12753175.9344785,60297380.5425961,84999373.161958,6
2020-10-28,33410121.2126541,12333250.8762836,59891283.7054357,88004367.7235768,6
2020-10-29,31308440.4555589,11922077.9568231,59421071.3975976,90987433.7079705,6
2020-10-30,29286045.4022466,11516212.3985625,58891282.9860893,93945482.7310516,6
2020-09-17,175548867.344115,3763591.66091185,7783568.63139049,6542995.88153279,5
2020-09-18,173475187.052968,4933649.13844798,8286347.51635727,6943839.81017693,5
2020-09-19,171284247.966601,5991310.01303795,8988520.39760498,7374945.14070609,5
2020-09-20,168938152.198984,6991677.57702377,9863625.79517767,7845567.94676471,5
2020-09-21,166408273.529963,7971202.17831414,10895628.9235414,8363918.88613123,5
2020-09-22,163673188.02105,8953033.43196833,12075213.9680993,8937588.0968324,5
2020-09-23,160717556.028688,9950505.17298814,13397150.8833616,9573811.43291228,5
2020-09-24,157531624.831923,10969413.2933586,14858361.5129858,10279623.8796823,5
2020-09-25,154111123.129027,12009517.7233834,16456453.6532706,11061929.0122689,5
2020-09-26,150457374.165884,13065567.1209049,18188578.8298978,11927503.4012628,5
2020-09-27,146577481.979737,14128070.8115358,20050519.7259014,12882951.0007762,5
2020-09-28,142484470.429923,15183964.0133299,22035974.199078,13934614.8756188,5
2020-09-29,138197259.881605,16217304.7136462,24135999.7859742,15088459.1367241,5
2020-09-30,133740406.227616,17210050.5041926,26338640.2492288,16349926.5369129,5
2020-10-01,129143538.591793,18142965.9433486,28628736.6378677,17723782.3449409,5
2020-10-02,124440465.638671,18996654.7940926,30987949.2881371,19213953.7970488,5
2020-10-03,119667989.428546,19752669.3607378,33394988.7441053,20823375.9845604,5
2020-10-04,114864459.291234,20394641.0144409,35826068.4269706,22553854.7853046,5
2020-10-05,110068182.623981,20909327.6606,38255555.7762779,24405957.4570908,5
2020-10-06,105315813.8248,21287480.9807615,40656787.7422749,26378940.9701134,5
2020-10-07,100640851.902979,21524461.3568966,43002989.2273555,28470721.0307193,5
2020-10-08,96072385.2715328,21620492.9541419,45268252.5721334,30677892.7201418,5
2020-10-09,91634172.6517848,21580583.3980162,47428470.6926721,32995796.7754768,5
2020-10-10,87344123.97306,21414091.1221839,49462176.6600919,35418631.762614,5
2020-10-11,83214194.6457372,21133998.9371152,51351226.6204383,37939603.3146592,5
2020-10-12,79250655.0630457,20755988.0146127,53081277.0134585,40551103.4268331,5
2020-10-13,75454673.3621668,20297402.2270313,54642040.1201723,43244907.8085795,5
2020-10-14,71823121.110953,19776206.1840848,56027315.9462777,46012380.2766345,5
2020-10-15,68349507.2917582,19210024.7171255,57234817.8431668,48844673.6658994,5
2020-10-16,65024952.0661173,18615326.7894524,58265827.2227354,51732917.4396449,5
2020-10-17,61839125.3025029,18006795.1296463,59124718.4430048,54668384.6427959,5
2020-10-18,58781094.378922,17396896.5979383,59818399.7030607,57642632.838029,5
2020-10-19,55840045.2011606,16795647.6797882,60355714.7503285,60647615.8866727,5
2020-10-20,53005857.933545,16210555.4939835,60746844.3900725,63675765.700349,5
2020-10-21,50269532.6195394,15646705.1494927,61002741.0134036,66720044.7355142,5
2020-10-22,47623472.2055782,15106959.7352631,61134619.9524784,69773971.6246302,5
2020-10-23,45061633.7911399,14592241.1102343,61153525.5207205,72831623.0958553,5
2020-10-24,42579567.8250043,14101859.6908641,61069979.6807515,75887616.3213301,5
2020-10-25,40174363.0687059,13633867.0388153,60893717.5961436,78937075.8142853,5
2020-10-26,37844517.0333111,13185409.5191497,60633507.7094404,81975589.2560487,5
2020-10-27,35589751.4287091,12753065.0701948,60297050.6957331,84999156.323313,5
2020-10-28,33410790.3134831,12333150.3854586,59890948.5687387,88004134.2502697,5
2020-10-29,31309117.315727,11921989.3248129,59420733.479938,90987183.3974721,5
2020-10-30,29286726.1346561,11516136.9176116,58890944.9552333,93945215.5104492,5
2020-09-17,175548867.322092,3763591.68080933,7783568.63348051,6542995.88156835,4
2020-09-18,173475187.007714,4933649.17563338,8286347.52415623,6943839.810446,4
2020-09-19,171284247.895653,5991310.0665169,8988520.41420676,7374945.14157299,4
2020-09-20,168938152.09908,6991677.64670273,9863625.8234264,7845567.9487413,4
2020-09-21,166408273.397407,7971202.26450325,10895628.9661715,8363918.88986853,4
2020-09-22,163673187.852047,8953033.53500322,12075214.0277829,8937588.10311654,4
2020-09-23,160717555.819685,9950505.29291994,13397150.962684,9573811.44266108,4
2020-09-24,157531624.579965,10969413.4296811,14858361.6143645,10279623.8939391,4
2020-09-25,154111122.832144,12009517.8747904,16456453.7788251,11061929.0321909,4
2020-09-26,150457373.823488,13065567.2850798,18188578.9812801,11927503.4281025,4
2020-09-27,146577481.593012,14128070.9849872,20050519.9040978,12882951.035853,4
2020-09-28,142484470.002177,15183964.1913001,22035974.4041925,13934614.92028,4
2020-09-29,138197259.418524,16217304.890116,24136000.0170144,15088459.1922959,4
2020-09-30,133740405.737388,17210050.6720069,26338640.5039151,16349926.6046403,4
2020-10-01,129143538.085054,18142966.094485,28628736.9124915,17723782.4259196,4
2020-10-02,124440465.12823,18996654.9200736,30987949.5774948,19213953.8921519,4
2020-10-03,119667988.928881,19752669.4531727,33394989.0415325,20823376.0943637,4
2020-10-04,114864458.817775,20394641.0656635,35826068.7244941,22553854.9100174,4
2020-10-05,110068182.192217,20909327.6643413,38255556.0648957,24405957.5964963,4
2020-10-06,105315813.449282,21287480.9327867,40656788.0123537,26378941.1235273,4
2020-10-07,100640851.596326,21524461.255526,43002989.4691286,28470721.1969699,4
2020-10-08,96072385.0435293,21620492.8005818,45268252.7762615,30677892.8975774,4
2020-10-09,91634172.5086753,21580583.1964531,47428470.8508204,32995796.9620013,4
2020-10-10,87344123.9171211,21414090.8796091,49462176.7654688,35418631.9557511,4
2020-10-11,83214194.6751629,21133998.662898,51351226.668248,37939603.5116412,4
2020-10-12,79250655.1721562,20755987.7198618,53081277.0012225,40551103.6247096,4
2020-10-13,75454673.5419057,20297401.9238166,54642040.0478901,43244908.0043376,4
2020-10-14,71823121.3496081,19776205.8846032,56027315.8164151,46012380.4673236,4
2020-10-15,68349507.575824,19210024.4328972,57234817.6604785,48844673.8487504,4
2020-10-16,65024952.3812068,18615326.5306234,58265826.9939428,51732917.6121772,4
2020-10-17,61839125.6342262,18006794.9044535,59124718.176365,54668384.8029053,4
2020-10-18,58781094.7136609,17396896.4123692,59818399.4078677,57642632.9840523,4
2020-10-19,55840045.5266921,16795647.537441,60355714.4363906,60647616.0174263,4
2020-10-20,53005858.2394892,16210555.3961136,60746844.067205,63675765.8151423,4
2020-10-21,50269532.8976219,15646705.0952154,61002740.6909752,66720044.8341376,4
2020-10-22,47623472.4497276,15106959.7218695,61134619.6390298,69773971.7073233,4
2020-10-23,45061633.9974382,14592241.133579,61153525.223675,72831623.1632579,4
2020-10-24,42579567.9915253,14101859.7457821,61069979.4062218,75887616.3744209,4
2020-10-25,40174363.1952725,13633867.1195327,60893717.3488314,78937075.8543135,4
2020-10-26,37844517.1212049,13185409.6196605,60633507.4926216,81975589.2844631,4
2020-10-27,35589751.4803595,12753065.1845847,60297050.5113145,84999156.3416913,4
2020-10-28,33410790.3321599,12333150.5081662,59890948.4173709,88004134.2602531,4
2020-10-29,31309117.3052522,11921989.4508229,59420733.3611689,90987183.400706,4
2020-10-30,29286726.0991483,11516137.0425832,58890944.867686,93945215.5085326,4
2020-09-17,175548866.644867,3763592.29281375,7783568.69761118,6542995.88265788,3
2020-09-18,173475185.608712,4933650.3260371,8286347.76448153,6943839.81871944,3
2020-09-19,171284245.690988,5991311.73085894,8988520.92779543,7374945.16830726,3
2020-09-20,168938148.973498,6991679.83334445,9863626.70122141,7845568.00988591,3
2020-09-21,166408269.209612,7971205.00368532,10895630.2987623,8363919.00589073,3
2020-09-22,163673182.438517,8953036.87132871,12075215.9090213,8937588.2990832,3
2020-09-23,160717548.99786,9950509.27979239,13397153.4918372,9573811.74846074,3
2020-09-24,157531616.151373,10969418.1248327,14858364.8971612,10279624.3445832,3
2020-09-25,154111112.585904,12009523.3362933,16456457.9276096,11061929.668143,3
2020-09-26,150457361.540491,13065573.5675008,18188584.1143603,11927504.2955974,3
2020-09-27,146577467.05102,14128078.1354216,20050526.1443463,12882952.187162,3
2020-09-28,142484452.981944,15183972.2452191,22035981.8768977,13934616.4138891,3
2020-09-29,138197239.710988,16217313.8670322,24136008.8469737,15088461.0929566,3
2020-09-30,133740383.151833,17210060.5710798,26338650.8117792,16349928.9832575,3
2020-10-01,129143512.458055,18142976.8902387,28628748.8104183,17723785.3592377,3
2020-10-02,124440436.333026,18996666.5585362,30987963.1641785,19213957.462209,3
2020-10-03,119667956.884727,19752681.848772,33395004.3967672,20823380.3876835,3
2020-10-04,114864423.498697,20394654.0992439,35826085.9034875,22553860.0165219,3
2020-10-05,110068143.634512,20909341.1826998,38255575.0926028,24405963.6081352,3
2020-10-06,105315771.757089,21287494.7500553,40656808.8781758,26378948.1326298,3
2020-10-07,100640806.944597,21524475.1566375,43003012.1223658,28470729.2943494,3
2020-10-08,96072337.6778727,21620506.5469185,45268277.1227224,30677902.1704364,3
2020-10-09,91634122.7418245,21580596.5335345,47428496.7508898,32995807.4917012,3
2020-10-10,87344072.1217351,21414103.5465819,49462204.0340998,35418643.8155331,3
2020-10-11,83214141.2733844,21134010.4032183,51351255.0769525,37939616.7643948,3
2020-10-12,79250600.6223389,20755998.2925216,53081306.2821942,40551118.3208954,3
2020-10-13,75454618.323353,20297411.1142408,54642069.900188,43244924.1801682,3
2020-10-14,71823065.9463276,19776213.5143787,56027345.9139452,46012398.1432985,3
2020-10-15,68349452.4603909,19210030.3675729,57234847.6613572,48844693.028629,3
2020-10-16,65024897.9998174,18615330.6849544,58265856.550736,51732938.2824421,3
2020-10-17,61839072.393862,18006797.2447465,59124746.9465937,54668406.9327478,3
2020-10-18,58781042.9720504,17396896.9558545,59818427.0641681,57642656.525877,3
2020-10-19,55839995.5854756,16795646.3488701,60355740.6757607,60647640.9078435,3
2020-10-20,53005810.340609,16210552.58205,60746868.6189036,63675791.9763874,3
2020-10-21,50269487.2228983,15646700.7965857,61002763.3226187,66720072.1758473,3
2020-10-22,47623429.1230192,15106954.1055183,61134640.160847,69774000.1285655,3
2020-10-23,45061593.0889753,14592234.3834818,61153543.4907635,72831652.5547293,3
2020-10-24,42579529.5237599,14101852.0545328,61069995.31895,75887646.6207073,3
2020-10-25,40174327.1496436,13633858.6806149,60893730.8515639,78937106.8361276,3
2020-10-26,37844483.4452769,13185400.6208327,60633518.5710574,81975620.8807829,3
2020-10-27,35589720.0948872,12753055.8025732,60297059.1887522,84999188.4317373,3
2020-10-28,33410761.1377373,12333140.9047332,59890954.7502213,88004166.7252582,3
2020-10-29,31309090.1883139,11921979.7701581,59420737.4340286,90987216.1254493,3
2020-10-30,29286700.9371902,11516127.4098893,58890946.7882488,93945248.3826216,3
2020-09-17,175548867.164262,3763591.8235048,7783568.64836244,6542995.88182054,2
2020-09-18,173475186.677681,4933649.44745886,8286347.58043608,6943839.81237454,2
2020-09-19,171284247.369557,5991310.46499191,8988520.53555457,7374945.14784616,2
2020-09-20,168938151.344283,6991678.17774164,9863626.03274015,7845567.96318525,2
2020-09-21,166408272.372601,7971202.94074169,10895629.2871395,8363918.91746755,2
2020-09-22,163673186.506893,8953034.37487873,12075214.4860932,8937588.15008491,2
2020-09-23,160717554.094102,9950506.32023058,13397151.5870486,9573811.5165691,2
2020-09-24,157531622.403147,10969414.6734766,14858362.437439,10279624.0038877,2
2020-09-25,154111120.121371,12009519.3694618,16456454.8380864,11061929.1890306,2
2020-09-26,150457370.482803,13065569.0705623,18188580.3198888,11927503.6446962,2
2020-09-27,146577477.511831,14128073.1069719,20050521.5717655,12882951.3273815,2
2020-09-28,142484465.053926,15183966.7013923,22035976.4580396,13934615.304592,2
2020-09-29,138197253.459409,16217307.8458312,24136002.5224115,15088459.6902984,2
2020-09-30,133740398.60541,17210054.1365524,26338643.5352561,16349927.2407315,2
2020-10-01,129143529.599397,18142970.1362417,28628740.5538545,17723783.2284571,2
2020-10-02,124440455.089156,18996659.61171,30987953.923134,19213954.8939499,2
2020-10-03,119667977.118263,19752674.8703541,33394994.1961234,20823377.3332095,2
2020-10-04,114864445.000373,20394647.2853234,35826074.8030623,22553856.4291915,2
2020-10-05,110068166.117801,20909334.7625139,38255563.1923546,24405959.4452808,2
2020-10-06,105315794.855665,21287488.9820219,40656796.3225849,26378943.3576786,2
2020-10-07,100640830.213343,21524470.3219286,43002999.1035437,28470723.8791343,2
2020-10-08,96072360.5979939,21620502.9405342,45268263.8818025,30677896.0976194,2
2020-10-09,91634144.7302725,21580594.4530895,47428483.5773698,32995800.7572182,2
2020-10-10,87344092.5452223,21414103.2791303,49462191.2626548,35418636.4309426,2
2020-10-11,83214159.4664717,21134012.2108218,51351243.0816523,37939608.7590042,2
2020-10-12,79250615.90907,20756002.3973315,53081295.4680194,40551109.7435291,2
2020-10-13,75454630.0414131,20297417.68412,54642060.6919701,43244915.1004468,2
2020-10-14,71823073.47247,19776222.6500916,56027338.7430803,46012388.6523082,2
2020-10-15,68349455.235698,19210042.0925379,57234842.9508341,48844683.2388801,2
2020-10-16,65024895.5532891,18615344.9384536,58265854.6991548,51732928.3270525,2
2020-10-17,61839064.3629038,18006813.8792263,59124748.3120016,54668396.9638183,2
2020-10-18,58781029.1186132,17396915.7386745,59818431.9485906,57642646.7120718,2
2020-10-19,55839975.8068702,16795666.9685428,60355749.311304,60647631.4312329,2
2020-10-20,53005784.6744422,16210574.6586605,60746881.1561932,63675783.0286542,2
2020-10-21,50269455.8457447,15646723.8958543,61002779.8223662,66720063.9539848,2
2020-10-22,47623392.3431746,15106977.7556364,61134660.5888941,69773992.830245,2
2020-10-23,45061551.3336669,14592258.093761,61153567.7170113,72831646.3735108,2
2020-10-24,42579483.3216896,14101875.3347738,61070023.1201889,75887641.7412977,2
2020-10-25,40174277.1099475,13633881.0600612,60893761.9180661,78937103.4298752,2
2020-10-26,37844430.2341587,13185421.665661,60633552.5165429,81975619.1015874,2
2020-10-27,35589664.4112671,12753075.1309808,60297095.5631703,84999188.4125317,2
2020-10-28,33410703.6892514,12333158.1988638,59890993.0546492,88004168.5751856,2
2020-10-29,31309031.6688894,11921994.7843546,59420777.1368851,90987219.927821,2
2020-10-30,29286642.0072293,11516139.9750321,58890987.3419877,93945254.1937009,2
2020-09-17,175548866.377321,3763592.53453667,7783568.72300294,6542995.88308986,1
2020-09-18,173475185.058803,4933650.77792089,8286347.85923755,6943839.8219885,1
2020-09-19,171284244.828645,5991312.3809198,8988521.12954418,7374945.17884085,1
2020-09-20,168938147.75961,6991680.67991216,9863627.04452232,7845568.03390536,1
2020-09-21,166408267.601089,7971206.04892788,10895630.8166289,8363919.05130415,1
2020-09-22,163673180.393023,8953038.11625347,12075216.6332544,8937588.37541949,1
2020-09-23,160717546.478615,9950510.7201232,13397154.4524142,9573811.86679796,1
2020-09-24,157531613.132239,10969419.7473981,14858366.120888,10279624.517425,1
2020-09-25,154111109.056665,12009525.1159232,16456459.4361475,11061929.9092143,1
2020-09-26,150457357.512106,13065575.4645356,18188585.9217801,11927504.6195281,1
2020-09-27,146577462.560376,14128080.0941312,20050528.2544037,12882952.6090388,1
2020-09-28,142484448.095456,15183974.1935945,22035984.2802289,13934616.9486702,1
2020-09-29,138197234.526279,16217315.7183522,24136011.5185679,15088461.7547511,1
2020-09-30,133740377.796696,17210062.2276411,26338653.7091212,16349929.7844912,1
2020-10-01,129143507.085939,18142978.2495546,28628751.8727026,17723786.3097542,1
2020-10-02,124440431.114599,18996667.521904,30987966.313081,19213958.5683659,1
2020-10-03,119667951.995458,19752682.3318542,33395007.5391025,20823381.6515354,1
2020-10-04,114864419.102826,20394654.0439072,35826088.9360285,22553861.4351879,1
2020-10-05,110068139.866503,20909340.5688762,38255577.9091056,24405965.1734656,1
2020-10-06,105315768.702108,21287493.6062655,40656811.3783053,26378949.8312712,1
2020-10-07,100640804.619984,21524473.5676009,43003014.2220728,28470731.1082924,1
2020-10-08,96072336.0177117,21620504.656907,45268278.7652297,30677904.0781015,1
2020-10-09,91634121.5864481,21580594.5445882,47428497.9173355,32995809.4695782,1
2020-10-10,87344071.2138706,21414101.7111003,49462204.7526692,35418645.8403099,1
2020-10-11,83214140.2615242,21134009.0113648,51351255.42957,37939618.8154909,1
2020-10-12,79250599.0714738,20755997.6553469,53081306.4078814,40551120.383248,1
2020-10-13,75454615.7322365,20297411.5440905,54642069.994533,43244926.2470901,1
2020-10-14,71823061.7698362,19776215.3043957,56027346.2245083,46012400.2192099,1
2020-10-15,68349446.1351174,19210033.772138,57234848.4792357,48844695.1314589,1
2020-10-16,65024888.9708392,18615335.9027631,58265858.1988231,51732940.4455247,1
2020-10-17,61839060.1407177,18006804.4057956,59124749.7653718,54668409.206065,1
2020-10-18,58781027.0322261,17396906.1131351,59818431.3960392,57642658.9765496,1
2020-10-19,55839975.574094,16795657.4750573,60355746.8489742,60647643.6198245,1
2020-10-20,53005785.96555,16210565.5709785,60746876.9320568,63675795.0493647,1
2020-10-21,50269458.2948137,15646715.4689998,61002774.0307343,66720075.7234022,1
2020-10-22,47623395.5604353,15106970.2182434,61134653.46358,69774004.2756913,1
2020-10-23,45061554.9186526,14592251.6411256,61153559.5233498,72831657.434822,1
2020-10-24,42579486.8768706,14101870.1227747,61070014.1461244,75887652.3721804,1
2020-10-25,40174280.2544081,13633877.2001871,60893752.464555,78937113.5987999,1
2020-10-26,37844432.6167557,13185419.2214472,60633542.8875574,81975628.7921897,1
2020-10-27,35589665.7226258,12753074.1161727,60297086.05564,84999197.6235115,1
2020-10-28,33410703.6719364,12333158.5775824,59890983.948722,88004177.3197093,1
2020-10-29,31309030.1251434,11921996.4734369,59420768.6869169,90987228.2324529,1
2020-10-30,29286638.8038046,11516142.8485643,58890979.7686694,93945262.0969118,1
